-- ---------------------------------------------------------------------------
-- RCM Analytics Demo — synthetic seed data
--
-- DEMO ONLY. Every row below is fabricated. Insurer names are fictional
-- companies, adjustment codes are made-up placeholders (ADJ-xx), and all
-- amounts are arbitrary round numbers. No real claims data anywhere.
-- ---------------------------------------------------------------------------

insert into organizations (org_id, org_name) values
    ('11111111-1111-1111-1111-111111111111', 'Demo Billing Group'),
    ('22222222-2222-2222-2222-222222222222', 'Sample Medical Partners');

insert into app_users (user_id, org_id, email, user_role) values
    ('aaaaaaaa-0000-0000-0000-000000000001', '11111111-1111-1111-1111-111111111111', 'admin@demo-billing.example',   'admin'),
    ('aaaaaaaa-0000-0000-0000-000000000002', '11111111-1111-1111-1111-111111111111', 'analyst@demo-billing.example', 'analyst'),
    ('aaaaaaaa-0000-0000-0000-000000000003', '22222222-2222-2222-2222-222222222222', 'viewer@sample-med.example',    'viewer');

insert into claim_records
    (org_id, external_ref, service_date, procedure_code, insurer_name,
     charge_amount, remit_amount, record_status, adjustment_code, decision_date)
values
    ('11111111-1111-1111-1111-111111111111', 'DEMO-0001', '2026-01-06', '90001', 'Acme Health Plan',      250.00, 190.00, 'paid',    null,     '2026-01-20'),
    ('11111111-1111-1111-1111-111111111111', 'DEMO-0002', '2026-01-08', '90002', 'Umbrella Insurance Co', 180.00,   0.00, 'denied',  'ADJ-01', '2026-01-25'),
    ('11111111-1111-1111-1111-111111111111', 'DEMO-0003', '2026-01-12', '90001', 'Northwind Mutual',      320.00, 260.00, 'paid',    null,     '2026-01-28'),
    ('11111111-1111-1111-1111-111111111111', 'DEMO-0004', '2026-01-15', '90003', 'Globex Benefits',       410.00,   0.00, 'denied',  'ADJ-02', '2026-02-01'),
    ('11111111-1111-1111-1111-111111111111', 'DEMO-0005', '2026-01-19', '90002', 'Acme Health Plan',      150.00, 120.00, 'paid',    null,     '2026-02-02'),
    ('11111111-1111-1111-1111-111111111111', 'DEMO-0006', '2026-01-22', '90001', 'Umbrella Insurance Co', 275.00, 210.00, 'paid',    null,     '2026-02-05'),
    ('11111111-1111-1111-1111-111111111111', 'DEMO-0007', '2026-01-26', '90004', 'Northwind Mutual',      520.00,   0.00, 'denied',  'ADJ-03', '2026-02-10'),
    ('11111111-1111-1111-1111-111111111111', 'DEMO-0008', '2026-01-29', '90003', 'Globex Benefits',       190.00, 155.00, 'paid',    null,     '2026-02-12'),
    ('11111111-1111-1111-1111-111111111111', 'DEMO-0009', '2026-02-03', '90002', 'Acme Health Plan',      230.00, 180.00, 'paid',    null,     '2026-02-18'),
    ('11111111-1111-1111-1111-111111111111', 'DEMO-0010', '2026-02-06', '90001', 'Umbrella Insurance Co', 340.00,   0.00, 'denied',  'ADJ-01', '2026-02-22'),
    ('11111111-1111-1111-1111-111111111111', 'DEMO-0011', '2026-02-10', '90004', 'Northwind Mutual',      460.00, 370.00, 'paid',    null,     '2026-02-26'),
    ('11111111-1111-1111-1111-111111111111', 'DEMO-0012', '2026-02-13', '90003', 'Globex Benefits',       210.00, 170.00, 'paid',    null,     '2026-03-01'),
    ('11111111-1111-1111-1111-111111111111', 'DEMO-0013', '2026-02-17', '90002', 'Acme Health Plan',      380.00,   0.00, 'denied',  'ADJ-04', '2026-03-05'),
    ('11111111-1111-1111-1111-111111111111', 'DEMO-0014', '2026-02-20', '90001', 'Umbrella Insurance Co', 290.00, 235.00, 'paid',    null,     '2026-03-08'),
    ('11111111-1111-1111-1111-111111111111', 'DEMO-0015', '2026-02-24', '90004', 'Northwind Mutual',      175.00, 140.00, 'paid',    null,     '2026-03-12'),
    ('11111111-1111-1111-1111-111111111111', 'DEMO-0016', '2026-02-27', '90003', 'Globex Benefits',       425.00,   0.00, 'pending', null,     null),
    ('11111111-1111-1111-1111-111111111111', 'DEMO-0017', '2026-03-03', '90002', 'Acme Health Plan',      265.00, 215.00, 'paid',    null,     '2026-03-18'),
    ('11111111-1111-1111-1111-111111111111', 'DEMO-0018', '2026-03-06', '90001', 'Umbrella Insurance Co', 310.00,   0.00, 'denied',  'ADJ-02', '2026-03-22'),
    ('11111111-1111-1111-1111-111111111111', 'DEMO-0019', '2026-03-10', '90004', 'Northwind Mutual',      495.00, 400.00, 'paid',    null,     '2026-03-26'),
    ('11111111-1111-1111-1111-111111111111', 'DEMO-0020', '2026-03-13', '90003', 'Globex Benefits',       220.00, 175.00, 'paid',    null,     '2026-03-29'),
    ('11111111-1111-1111-1111-111111111111', 'DEMO-0021', '2026-03-17', '90002', 'Acme Health Plan',      355.00,   0.00, 'denied',  'ADJ-01', '2026-04-02'),
    ('11111111-1111-1111-1111-111111111111', 'DEMO-0022', '2026-03-20', '90001', 'Umbrella Insurance Co', 240.00, 195.00, 'paid',    null,     '2026-04-05'),
    ('11111111-1111-1111-1111-111111111111', 'DEMO-0023', '2026-03-24', '90004', 'Northwind Mutual',      180.00,   0.00, 'pending', null,     null),
    ('11111111-1111-1111-1111-111111111111', 'DEMO-0024', '2026-03-27', '90003', 'Globex Benefits',       390.00, 315.00, 'paid',    null,     '2026-04-10'),
    ('22222222-2222-2222-2222-222222222222', 'DEMO-1001', '2026-01-07', '90001', 'Acme Health Plan',      200.00, 160.00, 'paid',    null,     '2026-01-21'),
    ('22222222-2222-2222-2222-222222222222', 'DEMO-1002', '2026-01-14', '90002', 'Globex Benefits',       330.00,   0.00, 'denied',  'ADJ-03', '2026-01-30'),
    ('22222222-2222-2222-2222-222222222222', 'DEMO-1003', '2026-02-04', '90003', 'Northwind Mutual',      270.00, 220.00, 'paid',    null,     '2026-02-19'),
    ('22222222-2222-2222-2222-222222222222', 'DEMO-1004', '2026-02-18', '90001', 'Umbrella Insurance Co', 415.00,   0.00, 'denied',  'ADJ-04', '2026-03-06'),
    ('22222222-2222-2222-2222-222222222222', 'DEMO-1005', '2026-03-05', '90004', 'Acme Health Plan',      185.00, 150.00, 'paid',    null,     '2026-03-20'),
    ('22222222-2222-2222-2222-222222222222', 'DEMO-1006', '2026-03-19', '90002', 'Globex Benefits',       295.00,   0.00, 'pending', null,     null);
